img_name, file_size(bytes), ground_truth, is_top_prediction, is_in_prediction_list, pred1, conf1, pred2, conf2, pred3, conf3, pred4, conf4, pred5, conf5, pred6, conf6, pred7, conf7, pred8, conf8, pred9, conf9, pred10, conf10
0b86cecf-67d1-4fc0-87c9-b36b0ee228bb.jpg, 51719, YG9X2G, True, True, YG9X2G, 90.9999, VG9X2G, 80.4037, YGSX2G, 80.3119, YGX2G, 80.0889, Y69X2G, 79.446, YG9X26, 77.996, G9X2G, 77.923, VGSX2G, 69.7158, VGX2G, 69.4928, V69X2G, 68.8499
12c6cb72-3ea3-49e7-b381-e0cdfc5e8960.jpg, 24479, 0SG719, False, False, DSI9E, 79.395, JSI9E, 76.5469, USI9E, 74.5334, D9I9E, 74.187, DSISE, 74.1821, DSIB9E, 73.9249, OSI9E, 73.8354, DS9E, 73.7238, 0SI9E, 73.2063, QSI9E, 73.0512
1e241dc8-8f18-4955-8988-03a0ab49f813.jpg, 27365, CCLVN3, False, False, CLV3, 76.4925, CLV1, 74.8162, CVM3, 73.8278, CVM1, 72.1514, CV3I, 71.6929, CV3E, 71.5902, CDV3, 71.1126, CLVM, 70.9615, CVW3, 70.7665, CV3C, 70.6042
21d8c31d-3deb-494b-9c63-c0223306fd82.jpg, 27536, 2DA044, False, False, 2D44, 77.5487, 2Q44, 74.6195, 12D44, 74.1829, 12D4, 74.0323, 2DA44, 72.1635, 2DA4, 72.0128, 12Q44, 71.2538, 12Q4, 71.1031, BD44, 69.7123, 1D44, 69.3177
22e54a62-57a8-4a0a-88c1-4b9758f67651.jpg, 22169, SL7C6S, False, False, SL7GGS, 80.1286, SL7GS, 79.3495, SL7CGS, 78.6864, 9L7GGS, 78.0456, S7GGS, 78.032, 1SL7GGS, 77.3344, 9L7GS, 77.2665, S7GS, 77.2529, SL7GG6, 77.0135, SL7QGS, 76.8922
316b64c0-55bf-4079-a1c0-d93f461a576f.jpg, 55075, K179658, True, True, K179658, 87.1156, K1T9658, 84.0972, K19658, 84.0894, K17965B, 77.9511, K1796S8, 77.5163, KI79658, 76.9073, K1796B8, 75.449, K1T965B, 74.9327, K1965B, 74.9249, K1T96S8, 74.4979
33fa5185-0286-4e8f-b775-46162eba39d4.jpg, 24219, R820503, False, False, 
37170dd1-2802-4e38-b982-c5d07c64ff67.jpg, 26521, 6HP995, False, False, 
3850ba91-3c64-4c64-acba-0c46b61ec0da.jpg, 24212, HK0E7C, False, False, IE7C, 85.6934, 1E7C, 84.7554, IL7C, 81.6221, 1L7C, 80.6841
4be2025c-09f7-4bb0-b1bd-8e8633e6dec1.jpg, 29395, UF2V5S, True, True, UF2V5S, 85.3921, UF2Y5S, 84.7965, UF25S, 80.3675, U2V5S, 76.9787, UP2V5S, 76.7467, U2Y5S, 76.3831, UP2Y5S, 76.1511, UE2V5S, 75.8708, UF2V55, 75.5627, UE2Y5S, 75.2753
5b562a61-34ad-4f00-9164-d34abb7a38e4.jpg, 23046, 91A4ZA, False, False, 
7fbfbe28-aecb-45be-bd05-7cf26acb3c5c.jpg, 28674, KC4Z3X, False, False, C4Z3X, 80.9916, C4IZ3X, 79.3643, C4ZX, 76.7271, C4IZX, 75.0997, C4ZJX, 74.4264, C4IZJX, 72.799, C423X, 70.7795, EC4Z3X, 70.2884, CZ3X, 69.5144, C4Z3, 69.3826
a03ced3f-5a97-4e75-8106-fabfd2b8b76e.jpg, 28219, 08E6CK, False, False, 8EQC, 79.6996, 8EGC, 78.9635, 8E0C, 78.807, 8EDC, 76.7775, 8E6C, 76.7019, 8EOC, 76.6091, 8EBC, 74.3305, 8EQCK, 73.2485, 8EGCK, 72.5124, 8E0CK, 72.3559
c9368c55-210d-456c-a5ef-c310e60039ec.jpg, 26852, UH1F0F, False, False, 1E0E, 83.1621, 1E0F, 80.336, 1EDE, 78.433, 1EDF, 75.607, I1E0E, 75.2326, I1E0, 74.3434, I1E0F, 72.4066, 1EOE, 71.7257, I1EDE, 70.5036, 1EQE, 70.2121
car1.jpg, 10090, 627WWI, True, True, 627WWI, 86.1628, 627WI, 85.4089, 627WHI, 79.6281, 627I, 79.3514, 627MWI, 78.9565, 627HI, 78.8743, 627NWI, 78.864, 627WMI, 78.677, 627HWI, 78.5903, 627WNI, 78.3688
car11.jpg, 28429, DG3C8P, True, True, DG3C8P, 81.8554, DG3CP, 80.6203, QG3C8P, 79.8521, QG3CP, 78.6169, D3C8P, 78.2562, D3CP, 77.0211, 0G3C8P, 76.9096, DGC8P, 76.6716, Q3C8P, 76.2529, OG3C8P, 75.9201
car12.jpg, 31113, 5UVR090, False, False, 01001J, 81.9168, 0001J, 80.5498, 010011, 79.5676, 01001, 79.2183, 01O01J, 78.7505, 11001J, 78.3487, 01D01J, 78.3149, 00011, 78.2006, O1001J, 77.8838, 0001, 77.8513
car13.jpg, 41884, EMR7094, True, True, EMR7094, 90.7713, EMR7D94, 88.6829, EMR7O94, 86.1061, EMR7Q94, 85.714, EMR7U94, 84.7132, EMR7B94, 84.3149, EHR7094, 83.287, EMR7G94, 81.7105, ER7094, 81.3751, EHR7D94, 81.1985
car14.jpg, 8443, 980YTB, False, False, 
car15.jpg, 9521, KCS1M, False, True, KCS1, 81.4292, KC51, 80.4624, CS1M, 74.6409, C51M, 73.6741, KCS1M, 72.4358, KC51M, 71.469, CS1H, 70.5938, C51H, 69.627, KC91, 69.4311, CS1N, 68.7256
car16.jpg, 10368, 002HHM, False, False, 
car17.jpg, 9396, L781601, False, False, 
car18.jpg, 7975, SB3X6N, False, False, 
car19.jpg, 17479, 378DXR, False, False, I3T8, 78.9925, I318, 69.0996, IST8, 52.2119, IS18, 42.319
car2.jpg, 25269, 1049338, False, False, 10933Q, 83.4436, 1D933Q, 83.2584, 1U933Q, 83.1141, 10933B, 83.0543, 1D933B, 82.8691, 1U933B, 82.7248, 10933, 81.2013, 1D933, 81.0162, 1U933, 80.8718, 109338, 80.866
car20.jpg, 29943, YG8E4F, False, False, YE47, 77.5378, YF47, 75.3469, 7E47, 70.208, 1E47, 69.2724, Y5E4, 68.6242, 7F47, 68.0171, Y5E47, 67.3513, 1F47, 67.0815, Y5F4, 66.4333, 5E47, 65.459
car21.jpg, 30993, YF2L6G, False, False, 
car22.jpg, 31536, CH0P8Y, False, False, 
car3.jpg, 21303, 1AMW240, False, False, 1A2Z, 74.7163, 1A24, 74.3912, 1AH2, 74.2681, 1H2Z, 72.6429, 1H24, 72.3178, 1AR2, 72.3059, 1AB2, 72.1256, 1A2Q, 72.1097, IA2Z, 71.813, 1A12, 71.6055
car5.jpg, 10801, 59CADI, False, True, 59CADIE, 86.1364, 59CADIC, 78.7653, 59EADIE, 78.6885, S9CADIE, 77.7121, 59CADI, 77.6928, 59CDIE, 77.3455, 59CAD1E, 77.0288, 59C4DIE, 76.8885, 59CAQIE, 76.7065, 59CA0IE, 76.7034
car6.jpg, 9176, AKS4329, False, False, KS3Z9, 80.6591, S3Z9, 79.2691, XS3Z9, 73.6151, AKS3Z9, 73.2784, KSJZ9, 72.8396, KS329, 72.1659, AS3Z9, 71.8884, SJZ9, 71.4497, KS39, 70.8442, S329, 70.7759
car7.jpg, 28665, 10DTM, True, True, 10DTM, 91.3213, 10DTH, 83.9242, 1ODTM, 81.223, 1DDTM, 80.343, 10DTN, 80.2986, 1QDTM, 80.1615, I0DTM, 79.5851, 100TM, 79.5601, 10OTM, 78.8833, 10QTM, 78.8129
car8.jpg, 10233, FZRULZ, False, False, 2RUI, 81.0847, ZRUI, 79.5307, 2RU1, 75.8576, ZRU1, 74.3036, F2RU, 73.8627, F2RUI, 73.5217, FZRU, 72.3087, 2RUC, 72.1462, FZRUI, 71.9677, 2RUE, 71.5555
car9-0.jpg, 53709, 133GZD, False, True, 1337D, 81.3703, 133ZD, 78.5302, 133C7D, 78.5025, 133G7D, 78.1111, 337D, 75.7034, 133CZD, 75.6623, 133GZD, 75.271, 1337, 74.2387, 133E7D, 73.7124, 133B7D, 73.2942
car9-1.jpg, 54598, ASC7399, True, True, ASC7399, 89.6579, A5C7399, 80.7284, ASG7399, 74.585, A5G7399, 65.6555
car9-2.jpg, 33972, 4639520, False, False, 6352D, 80.1148, 6352Q, 79.5616, 63520, 77.7718, 6352O, 75.3926, 6352, 75.081, 635D, 73.1512, 635Q, 72.5981, 632D, 72.203, 635ZD, 71.796, 63S2D, 71.6958
car9-4.jpg, 62217, ANW2529, False, False, 
car9-5.jpg, 57315, AYX8803, False, False, 
car9-7.jpg, 57523, ASV9218, False, False, 
car9-9.jpg, 49879, AVP2403, False, False, 
car9.jpg, 72874, PE3R2X, False, False, 
cfaa9dd2-a388-4e92-bb3a-ae65c28d8139.jpg, 25867, KL3B8K, False, False, 1J8K, 78.4527, 138K, 75.2759, IJ8K, 75.2531, QJ8K, 73.3792, MJ8K, 73.2977, DJ8K, 73.2164, JB8K, 73.0795, I38K, 72.0763, JR8K, 71.6514, JH8K, 71.4114
d4f79480-366a-40b6-ab2c-328bcba705b2.jpg, 25927, FB5X8T, False, False, 5XPT, 77.5566, 5X8T, 74.0273, 5XBT, 72.1804, 5XRT, 71.2663, 85XT, 70.8152, SXPT, 70.7508, 85XPT, 68.6593, SX8T, 67.2214, 05XT, 66.478, G5XT, 66.1587
e73fd200-7ba4-4725-9d1d-2ec710864df6.jpg, 46821, 8FV480, True, True, 8FV480, 90.4525, 8FV48O, 81.5736, 8FV48Q, 80.5509, 8FV48D, 80.1825, 8FV4B0, 79.756, 8FV48U, 78.4426, 8FV48B, 75.8163, 8FV48G, 75.5544, 8FV4BO, 70.8771, 8FV4BQ, 69.8544
f0a3b8c0-198a-471b-9ca9-345c3dd28073.jpg, 22077, HB8X9J, False, False, DB8X9J, 82.6075, D88X9J, 80.5739, OB8X9J, 79.7475, QB8X9J, 79.5045, BB8X9J, 79.4488, DBBX9J, 79.2555, UB8X9J, 79.1555, 0B8X9J, 79.029, DB89J, 78.6925, B8X9J, 78.0349
f8fc5e59-9083-466b-ae3f-6b869a0b257b.jpg, 25919, UH1F0F, False, False, 
us1.jpg, 22535, 4PCI264, True, True, 4PCI264, 84.5954, 4PCI26, 80.8295, 4PGI264, 77.3195, 4PI264, 76.2209, 4PGI26, 73.5536, 4PI26, 72.4549, 4PC1264, 71.804, 4PC264, 71.4784, 4PCIZ64, 71.4447, 4PC126, 68.0381
us10.jpg, 16223, CC2881, True, True, CC2881, 91.7355, CG2881, 82.926, CC288I, 81.1824, CC28B1, 80.2331, GC2881, 79.6761, CCZ881, 79.0814, C62881, 78.4241, CC2B81, 78.2801, C2881, 77.7862, CG288I, 72.3729
us2.jpg, 11791, EUS664, False, False, U664, 80.0898, D664, 67.5673, 0664, 65.9632, O664, 65.9224, Q664, 65.8326, B664, 65.7324, G664, 62.2954
us3.jpg, 6047, 9185914, True, True, 9185914, 87.1247, 9105914, 80.5922, 91B5914, 80.3586, 918591, 80.1284, 9I85914, 79.061, 918S914, 78.6376, 91O5914, 78.5266, 91Q5914, 78.2253, 91U5914, 77.8694, 91G5914, 77.6989
us4.jpg, 3197, 520MRK, True, True, 520MRK, 92.5975, 5Z0MRK, 83.9728, 52OMRK, 83.5257, 52QMRK, 83.0946, 52DMRK, 81.8635, 520MRM, 81.8576, S20MRK, 81.704, 520MRH, 80.3445, 520MR, 79.93, 20MRK, 79.281
us5.jpg, 47346, NEILDMND, True, True, NEILDMND, 91.211, NEILDMNO, 85.5297, NEILDMN0, 85.437, NEILDMNQ, 85.1761, NEILOMND, 84.8126, NEIL0MND, 84.7195, NEILQMND, 84.678, NEILDMNB, 84.6038, NE1LDMND, 84.5097, NEILDMNU, 83.8245
us6.jpg, 18740, HL0KTY1, True, True, HL0KTY1, 93.6224, HLDKTY1, 90.7071, HLOKTY1, 88.3779, HLQKTY1, 87.6982, HLUKTY1, 86.7728, HL0KY1, 86.1755, HL0KTYI, 85.6157, HL0K7Y1, 85.0118, HLBKTY1, 83.8979, HLDKY1, 83.2602
us7.jpg, 14866, 5VCF203, True, True, 5VCF203, 91.4553, 5VCFZ03, 88.146, 5VCF2O3, 84.5421, 5VCF2Q3, 83.628, 5VCF2D3, 83.3234, SVCF203, 82.3502, 5VGF203, 81.9606, 5VCF2B3, 81.7961, 5VCF2G3, 81.2745, 5VCFZO3, 81.2327
us8.jpg, 20671, EAZ6913, True, True, EAZ6913, 90.5479, EA26913, 80.5494
wts-lg-000010.jpg, 26452, HH9G5W, False, False, 
wts-lg-000011.jpg, 15324, MF2Y8X, True, True, MF2Y8X, 83.7958, HF2Y8X, 83.1291, F2Y8X, 81.7319, IMF2Y8X, 79.4745, IHF2Y8X, 78.8078, IF2Y8X, 77.4106, NF2Y8X, 77.2191, 1MF2Y8X, 77.1459, BF2Y8X, 76.7202, UF2Y8X, 76.7193
wts-lg-000012.jpg, 20929, CK0A1F, False, False, 
wts-lg-000013.jpg, 26014, DH5X9P, False, False, 
wts-lg-000014.jpg, 19819, DG2Z6U, False, False, 
wts-lg-000016.jpg, 22245, DL3C2Z, False, False, 
wts-lg-000017.jpg, 21135, 7FR971, False, False, 
wts-lg-000018.jpg, 22777, CG2H2U, False, False, 
wts-lg-000020.jpg, 17897, R107555, True, True, R107555, 84.5482, R07555, 81.4673, R1O7555, 80.971, R1Q7555, 80.7624, R1G7555, 79.194, RI07555, 78.9513, R17555, 77.8907, RO7555, 77.8901, RQ7555, 77.6815, R1075S5, 77.4233
wts-lg-000021.jpg, 17803, BGB3282, False, False, GB22, 76.2446, G822, 75.1685, BB22, 74.6686, GD22, 73.6404, B822, 73.5926, BD22, 72.0645, 6B22, 71.4366, B2D2, 71.3974, GO22, 71.3159, DB22, 71.0881
wts-lg-000022.jpg, 15678, FNY881, False, False, FY8B1, 80.7188, FY881, 78.8742, FY801, 76.0601, FY8BL, 75.2043, F8B1, 74.5552, FY8B, 74.411, FY8O1, 73.4452, FY88L, 73.3596, FY8Q1, 73.2836, FY8D1, 73.1936
wts-lg-000023.jpg, 14685, AU41257, False, False, X257, 75.0667, X1257, 74.6818, X157, 74.6723, 1257, 74.1771, XJ257, 73.9845, XJ57, 73.975, J257, 73.4798, XZ57, 71.7588, XI257, 71.5587, XI57, 71.5492
wts-lg-000024.jpg, 26145, P602849, False, True, P602B49, 84.6452, P02B49, 80.8045, F602B49, 77.6439, P602849, 77.1437, PG02B49, 77.097, 602B49, 77.054, P6O2B49, 77.0116, P6D2B49, 76.5258, P6Q2B49, 76.3461, P60ZB49, 76.2018
wts-lg-000025.jpg, 30524, TZC207, True, True, TZC207, 89.313, TZC2O7, 81.4297, TZC2D7, 80.9551, TZCZ07, 80.7551, TZC2Q7, 80.6071, T2C207, 80.5571, TZE207, 79.1713, TZC2U7, 77.3272, TZC2B7, 77.1097, TZG207, 76.8214
wts-lg-000026.jpg, 20924, ML0C2S, False, True, L0C2S, 86.7598, ML0C2S, 83.9195, L0C25, 82.6174, NL0C2S, 81.7903, HL0C2S, 80.6136, ML0C25, 79.777, L0C2G, 77.9241, NL0C25, 77.6478, LOC2S, 76.9334, LQC2S, 76.472
wts-lg-000027.jpg, 20381, SG8L7E, True, True, SG8L7E, 88.4038, SGBL7E, 80.3286, SG8L7, 76.3512, SG8L76, 75.4446, 5G8L7E, 75.3822, 9G8L7E, 74.8166, 8G8L7E, 74.7913, S68L7E, 74.1127, G8L7E, 73.9118, SGBL7, 68.276
wts-lg-000028.jpg, 30549, SK2W6K, False, True, SK26K, 86.9943, SK2W6K, 82.6498, SK2M6K, 80.8605, SK6K, 76.5814, SK2BK, 75.5985, SKB6K, 75.4764, SK2SK, 74.786, 5K26K, 74.581, SK2GK, 74.0915, SKW6K, 72.237
wts-lg-000029.jpg, 19578, AYE132, False, False, 
wts-lg-000030.jpg, 39975, FK2X2Z, False, False, F217, 78.1984, 1F21, 74.4621, F21Y, 72.3105, 1217, 66.6161, 1F217, 66.0517, 21Y7, 64.4645, F21Y7, 63.9001, 1F27, 63.437, F2T7, 62.3089, F2Y7, 61.2854
wts-lg-000031.jpg, 29883, FE9N6K, True, True, FE9N6K, 88.0902, E9N6K, 83.5909, FE9NGK, 79.0803, PE9N6K, 79.0288, EE9N6K, 77.7635, FE9M6K, 76.689, FE9NSK, 76.085, FE9NBK, 75.5271, E9NGK, 74.581, FESN6K, 73.0084
wts-lg-000032.jpg, 30338, 21A1BX, True, True, 21A1BX, 85.571, 2IA1BX, 76.9093, 21A18X, 76.5388, 21AIBX, 76.4764, 2A1BX, 74.3038, 21A1X, 71.9504, 21A1SX, 71.6357, 2IA18X, 67.877, 2IAIBX, 67.8147, 21AI8X, 67.4442
wts-lg-000033.jpg, 35210, PK2V6M, True, True, PK2V6M, 82.2751, PK2V6H, 82.1021, PK2V6, 80.5593, PK2V6N, 77.8649, PK2V6R, 75.1898, PK26M, 74.4589, PK26H, 74.2859, PK26, 72.7431, PK2VGM, 71.4441, PK2VGH, 71.2711
wts-lg-000034.jpg, 27183, HK5R9C, False, False, AR9C, 78.3972, AB9C, 75.4612, AR9G, 75.4085, A89C, 72.806, AB9G, 72.4725, AD9C, 72.2703, HA9C, 71.5482, AR9E, 70.1157, A89G, 69.8173, AD9G, 69.2816
wts-lg-000035.jpg, 18934, XNR374, False, False, 
wts-lg-000036.jpg, 18340, TTP488, False, False, TTPS, 76.6, TTP8, 75.8359, TTP5, 74.5946, TP8S, 73.616, TTPB, 72.6113, TP85, 71.6106, TTP8S, 71.5199, TP88, 71.439, TPBS, 70.3915, TTPG, 70.1956
wts-lg-000037.jpg, 37010, RDN464, False, False, PD46, 78.0183, FD46, 77.3503, RD46, 75.9173, PDH6, 75.7182, FDH6, 75.0503, RDH6, 73.6172, PDH46, 72.5334, FDH46, 71.8654, DH46, 70.6071, BD46, 70.6053
wts-lg-000038.jpg, 24745, 78188, False, False, 7I88, 79.1149, 7I8B, 77.6873, 7IB8, 75.3475, 7IBB, 73.9199, 78I88, 73.2071, 7BI88, 73.0181, 7188, 72.8946, 78I8B, 71.7795, 7BI8B, 71.5905, 718B, 71.4669
wts-lg-000039.jpg, 13310, VLX039, False, False, L039, 78.8974, I039, 76.6526, 1039, 72.5125, X039, 71.7783, E039, 71.0015, LX039, 70.5812, L03Q, 70.4755, LX03, 69.1579, IX039, 68.3363, I03Q, 68.2306
wts-lg-000040.jpg, 17736, WD2R9B, False, False, DR9B, 84.8146, WDR9B, 81.7566, HDR9B, 77.5082, DR98, 77.2376, WDR98, 74.1797, OR9B, 74.0169, QR9B, 73.801, 0R9B, 73.4935, DRSB, 71.8921, DR9G, 71.8839
wts-lg-000041.jpg, 22451, 5LTA600, False, False, 
wts-lg-000042.jpg, 18186, SK5K9V, False, False, 5K9V, 77.7026, 5KBV, 66.0948, 5K8V, 64.4385, 5KSV, 53.0643
wts-lg-000043.jpg, 31505, FB8R4T, True, True, FB8R4T, 85.1721, FB8R4I, 80.4482, FB8R4, 78.7544, FB84T, 76.6443, F88R4T, 76.5362, FBBR4T, 76.4996, FB8CR4T, 76.4228, FB8B4T, 75.5923, PB8R4T, 75.0605, FB8TR4T, 75.017
wts-lg-000044.jpg, 17156, AJK7551, False, False, 
wts-lg-000045.jpg, 20337, HF4Y3B, False, False, FY38, 78.182, IFY38, 76.4498, FY38I, 75.0097, PY38, 74.9075, FY38E, 73.7891, EFY38, 73.5675, IF38, 73.4519, IFY38I, 73.2775, IPY38, 73.1754, IY38, 72.5699
wts-lg-000046.jpg, 23628, BFN8484, False, False, 
wts-lg-000047.jpg, 22280, CLT0108, False, False, 
wts-lg-000048.jpg, 35669, FE5R2D, False, True, FE5P2D, 84.1433, FE5PD, 84.139, E5P2D, 83.2958, E5PD, 83.2914, FE5PCD, 80.5622, FE5PBD, 80.2599, E5PCD, 79.7147, E5PBD, 79.4123, FE5R2D, 76.3903, FE5RD, 76.386
wts-lg-000049.jpg, 31351, WG4L2M, False, False, WG4L2, 80.5286, WGL2, 78.5742, G4L2, 78.2135, WG4L2H, 77.3211, WGL2H, 75.3666, G4L2H, 75.006, WG4I2, 74.7312, GL2H, 73.0515, WGI2, 72.7768, G4I2, 72.4161
wts-lg-000050.jpg, 38645, HB6L0Z, False, False, IB6LDZ, 86.9674, IB6L0Z, 84.0247, IB6LD, 83.4419, 1B6LDZ, 83.412, IB6LD2, 82.9615, IB6LD4, 82.3372, IB6LOZ, 80.7921, IB6L0, 80.4992, 1B6L0Z, 80.4694, IB6LQZ, 80.2938
wts-lg-000051.jpg, 32633, PJ2X1V, True, True, PJ2X1V, 87.8398, PJ2LX1V, 86.524, PJ2BX1V, 85.4833, PJ28X1V, 84.2643, PJ2EX1V, 84.2226, PJ2XIV, 79.8866, PJ2LXIV, 78.5707, PJ2BXIV, 77.53, PJ2XV, 77.0556, PJ28XIV, 76.311
wts-lg-000052.jpg, 32049, DK7J8G, False, False, 0K7J8, 83.0882, 0K7J8G, 82.7501, 0K7XJ8, 80.3929, 0K7XJ8G, 80.0548, 07J8, 79.9798, 07J8G, 79.6418, 0K7IJ8, 79.3542, 0K7IJ8G, 79.0161, 07XJ8, 77.2845, 07XJ8G, 76.9465
wts-lg-000053.jpg, 20598, TNP222, False, False, 
wts-lg-000055.jpg, 18338, TRZ951, False, False, TZ51, 80.7805, TZ5T, 76.0723, TRZ51, 74.477, TZ951, 72.5422, 7Z51, 71.9764, TZ451, 71.5956, T251, 71.3814, RZ51, 70.4749, TRZ5T, 69.7687, Z951, 68.5401
wts-lg-000056.jpg, 15382, SZA679, True, True, SZA679, 87.2903, 5ZA679, 82.0771, SZ679, 78.693, SZA79, 78.2289, SZAG79, 77.3071, SZ4679, 76.8315, 9ZA679, 75.4171, S2A679, 74.8482, ZA679, 74.3671, 5Z679, 73.4799
wts-lg-000057.jpg, 20503, YBW23, False, True, Y823, 82.9025, YB23, 82.3779, YQ23, 74.7655, Y8W23, 71.1328, YBW23, 70.6082, Y8P3, 70.1844, YBP3, 69.6598, Y8Z3, 69.4254, YBZ3, 68.9008, YW23, 68.646
wts-lg-000058.jpg, 18260, CEMENT0, False, False, 
wts-lg-000059.jpg, 21304, WXW835, False, False, X835, 84.0094, HX835, 80.7741, RX835, 79.5324, XW835, 72.9283, X8S5, 71.8271, X83S, 71.4852, XB35, 70.9249, XH835, 70.067, HX85, 70.0238, HXW835, 69.693
wts-lg-000060.jpg, 20401, TVG399, False, True, TG399, 81.5296, TVG399, 81.1925, TYG399, 77.6144, G399, 77.4565, VG399, 77.1194, T6399, 76.2013, TV6399, 75.8642, YG399, 73.5413, 7G399, 72.6699, 7VG399, 72.3328
wts-lg-000061.jpg, 24091, DK2Z5S, False, False, BEFRBAL, 80.6587, BERBAL, 80.3908, BEFRAL, 78.8728, BEFERBAL, 78.746, BERAL, 78.605, BEERBAL, 78.4782, BEFRRAL, 78.0366, BERRAL, 77.7687, BEFERAL, 76.9602, BEFBRBAL, 76.9581
wts-lg-000062.jpg, 32912, GT679A, True, True, GT679A, 82.3342, GI679A, 80.2046, G1679A, 77.7175, GGT679A, 77.5246, QGT679A, 77.224, GGI679A, 75.3951, QGI679A, 75.0944, G679A, 74.9264, GT679, 73.8919, T679A, 72.9635
wts-lg-000063.jpg, 12745, FA8M7S, False, True, F8M7S, 80.4624, E8M7S, 77.0381, FA8M7S, 76.562, 8M7S, 76.0441, F87S, 75.2181, EA8M7S, 73.1377, A8M7S, 72.1437, E87S, 71.7938, P8M7S, 71.671, FA87S, 71.3177
wts-lg-000064.jpg, 30636, UH1N2A, False, True, UH12A, 81.4037, UH12, 81.2599, H12A, 80.6411, UH1N2A, 78.934, UH1N2, 78.7903, H1N2A, 78.1714, H1N2, 78.0277, UH1H2A, 77.2977, UH1H2, 77.1539, UH1R2A, 76.9308
wts-lg-000065.jpg, 44814, AC0M7V, True, True, AC0M7V, 87.4487, AC0M7V3, 86.6312, ACOM7V, 79.7677, ACQM7V, 79.1228, ACOM7V3, 78.9502, ACQM7V3, 78.3053, AC07V, 77.3246, AC0H7V, 76.6055, AC07V3, 76.5071, AC0H7V3, 75.788
wts-lg-000066.jpg, 30221, SGTE5, False, True, 1SGTE5, 84.6584, SGTE5, 84.2384, 1SGT5, 76.0004, 15GTE5, 75.5982, SGT5, 75.5804, 5GTE5, 75.1783, 1S6TE5, 74.3373, S6TE5, 73.9174, 1STE5, 72.8949, 1SGTES, 72.6419
wts-lg-000067.jpg, 17005, 8951283, False, False, 3283, 76.5625, Q283, 75.6344, 32B3, 74.6645, Q2B3, 73.7363, O283, 73.2135, 0283, 73.1451, I283, 72.5909, B283, 72.5059, D283, 71.9697, U283, 71.9313
wts-lg-000068.jpg, 9678, N359973, False, False, 
wts-lg-000069.jpg, 29270, TWF220, True, True, TWF220, 81.7478, TF220, 79.8721, TWF20, 78.2346, TF20, 76.3589, TW220, 74.6525, TWFZ20, 74.4143, TWFB20, 74.4026, THF220, 74.2821, TWP220, 73.6797, T220, 72.7767
wts-lg-000070.jpg, 28981, WXY184, False, False, XYD84, 82.4817, XYI84, 82.3479, XYO84, 80.0092, XY184, 79.6543, XYQ84, 79.5779, XYB84, 79.4225, XYU84, 79.292, XY84, 78.8575, XY884, 78.7454, SXYD84, 77.4577
wts-lg-000071.jpg, 20597, WSG979, False, False, ES697, 82.7629, FS697, 75.8427, S697, 75.7932, ES97, 74.5435, ESG97, 73.4202, E5697, 72.1681, ESB97, 69.5513, FS97, 67.6233, FSG97, 66.5001, SG97, 66.4506
wts-lg-000072.jpg, 24073, WTC249, False, False, 
wts-lg-000073.jpg, 26337, 5VDA555, True, True, 5VDA555, 84.4614, 5VDAS55, 77.0221, 5VDA55, 76.3683, 5VDA5S5, 75.748, 5VDAB55, 75.478, SVDA555, 75.3288, 5DA555, 75.1819, 5VBA555, 75.0596, 5DDA555, 74.3356, 5VDA55S, 74.0718
wts-lg-000074.jpg, 23370, AG6V1W, False, True, AG6VI, 80.6559, AG6VIW, 80.2803, AG6V1, 80.2241, AG6V1W, 79.8486, AG6V, 78.5183, AG6VW, 78.1427, AG6VIH, 75.2533, AGVI, 75.0939, AG6V1H, 74.8216, AGVIW, 74.7183
wts-lg-000075.jpg, 25762, 6LKR481, True, True, 6LKR481, 88.1574, 6LKR81, 82.9038, 6LKR4B1, 77.1947, 6LKR48I, 75.9814, 6LKR48, 74.7488, 6LKRB1, 71.9412, 6LKR8I, 70.7279, 6LKR8, 69.4953, 6LKR4BI, 65.0187, 6LKR4B, 63.7861
wts-lg-000076.jpg, 21205, 4GLS168, True, True, 4GLS168, 84.2163, GLS168, 80.311, 4GLS16, 77.3972, 4GL168, 77.0791, 4GLS16B, 76.5131, 46LS168, 76.2132, 4GL5168, 74.5046, GLS16, 73.492, 4FLS168, 73.2818, 4GL9168, 73.2176
wts-lg-000077.jpg, 26209, 5ZUC921, False, False, 
wts-lg-000078.jpg, 27379, 5EZP631, True, True, 5EZP631, 90.2161, 5E2P631, 81.257, SEZP631, 81.1402, SE2P631, 72.1811
wts-lg-000079.jpg, 32690, FD7U4U, True, True, FD7U4U, 88.7435, F07U4U, 79.7597, FO7U4U, 79.525, FD7D4U, 79.4839, FD7O4U, 79.3243, FQ7U4U, 79.2887, FD7Q4U, 78.3851, FD704U, 78.3208, PD7U4U, 78.075, FD7U4O, 77.9821
wts-lg-000080.jpg, 24274, YD6L3C, True, True, YD6L3C, 89.357, Y06L3C, 86.396, YO6L3C, 84.2467, YQ6L3C, 83.524, YU6L3C, 82.0577, YB6L3C, 81.9512, YG6L3C, 80.2349, YDBL3C, 79.9672, VD6L3C, 79.5931, YDGL3C, 79.4762
wts-lg-000082.jpg, 20395, CJUJ79, False, False, 
wts-lg-000083.jpg, 36942, N2427E, True, True, N2427E, 84.8089, N2427, 84.1016, NZ427E, 80.9727, NZ427, 80.2654, N24276, 77.6532, N2427C, 75.4545, N2427G, 75.2031, N2427B, 74.9889, NZ4276, 73.8169, N2427S, 73.5209
wts-lg-000084.jpg, 29728, 5AEA911, True, True, 5AEA911, 87.4382, 5EA911, 80.1103, SAEA911, 78.2307, 5AEA91I, 76.3421, 5AEA9I1, 75.7769, 5AGA911, 75.1227, AEA911, 74.9461, 5AA911, 74.4958, 5A6A911, 74.3902, 5AEA91, 73.5883
wts-lg-000085.jpg, 15827, 5DJ0529, False, False, BDJQ529, 82.2346, BDQ529, 80.1976, BDJQ29, 77.6033, BDJQ52, 76.6267, BDQ29, 75.5663, BDJD529, 75.4864, BDJQS29, 75.2901, BDJ0529, 75.1178, BDJO529, 74.9796, BDQ52, 74.5898
wts-lg-000086.jpg, 23379, ATGL04, False, False, ALQ4, 81.5112, ALD4, 80.2898, 4LQ4, 79.4023, 4LD4, 78.1809, AL04, 77.7293, 4L04, 75.6204, ALO4, 73.6225, 4LO4, 71.5136, ALB4, 67.6833, ALU4, 67.2746
wts-lg-000087.jpg, 28521, 383WJP, False, False, 
wts-lg-000088.jpg, 22532, CCV020, False, False, 
wts-lg-000089.jpg, 28503, YF2U68, False, False, 
wts-lg-000090.jpg, 19078, MH6V4L, True, True, MH6V4L, 87.0544, MHGV4L, 78.2319, MHSV4L, 78.1466, MHBV4L, 77.5973, MH64L, 77.4916, MHV4L, 76.4459, MHG4L, 68.6691, MHS4L, 68.5837, MHB4L, 68.0344, MH4L, 66.8831
wts-lg-000091.jpg, 19001, MJ3R1V, False, False, MJR1, 76.7849, JR1V, 76.4846, JR11, 73.271, MJ1V, 73.2309, JR1D, 71.7724, MJR1V, 70.0455, MJ11, 70.0173, J1V1, 69.717, MJ1D, 68.5187, J1VD, 68.2184
wts-lg-000094.jpg, 16795, CJ8P4V, False, False, 01I1, 79.8879, 011I1, 78.93, 0111, 78.1737, 0I1I1, 76.7269, 0I11, 75.9707, 0II1, 75.1104, B1I1, 75.0857, 0D1I1, 74.9853, 0D11, 74.2291, B11I1, 74.1277
wts-lg-000095.jpg, 20907, 4FCW533, False, False, C333, 77.2052, C533, 75.842, CS33, 72.6507, B333, 71.0692, H333, 69.7691, CB33, 69.7235, B533, 69.706, CO33, 69.3762, U333, 68.87, M333, 68.7983
wts-lg-000096.jpg, 27831, CJ1P5G, False, True, CJ1P5C, 84.3664, CJ1EP5C, 83.5909, CJ1P5G, 83.459, CJ1CP5C, 82.6929, CJ1EP5G, 82.6835, CJ1IP5C, 82.1201, CJ1CP5G, 81.7855, CJ1IP5G, 81.2128, CJP5C, 79.7339, CJEP5C, 78.9583
wts-lg-000097.jpg, 47027, R589789, True, True, R589789, 85.3957, RS89789, 78.6728, R5897B9, 77.6834, 589789, 77.0398, R5B9789, 76.6955, R589Z89, 75.6554, R89789, 75.4667, B589789, 75.43, R58978, 74.9559, 8589789, 74.5574
wts-lg-000098.jpg, 32642, UG9L8U, True, True, UG9L8U, 87.8993, UGSL8U, 84.7259, UGL8U, 84.6343, U69L8U, 84.241, U6SL8U, 81.0676, U6L8U, 80.976, UB9L8U, 80.3091, U9L8U, 79.9902, US9L8U, 77.4063, UBSL8U, 77.1357
wts-lg-000099.jpg, 31826, UG9L8U, True, True, UG9L8U, 89.5054, UG9DL8U, 86.3543, UG9BL8U, 85.6579, UG90L8U, 85.3578, UG98U, 82.1742, UG9E8U, 82.0541, UGBL8U, 81.7367, UG9LBU, 81.2606, UGL8U, 79.8476, UGSL8U, 79.468
wts-lg-000100.jpg, 32661, SH0R7X, False, True, S07X, 79.9879, S0R7X, 78.0491, SH07X, 76.8412, C07X, 76.392, 507X, 75.6983, SH0R7X, 74.9025, C0R7X, 74.4533, 50R7X, 73.7596, 0R7X, 73.6652, CH07X, 73.2453
wts-lg-000101.jpg, 29595, SH0R7X, False, False, SIRX, 79.2075, SIR7X, 78.2127, SERX, 75.3307, SER7X, 74.336, S0IRX, 73.9698, SR7X, 73.6107, S0IR7X, 72.9751, SIRXX, 72.8277, SI7X, 72.7778, SI8X, 71.6955
wts-lg-000102.jpg, 29444, DL9E1U, False, True, 0L9E1U, 87.7842, DL9E1U, 85.4164, OL9E1U, 82.5853, QL9E1U, 81.7175, 0L91U, 80.7144, 0LE1U, 80.507, BL9E1U, 79.6493, UL9E1U, 79.5686, 0LSE1U, 79.2996, 0L9EIU, 79.2629
wts-lg-000106.jpg, 17412, 3MVV252, False, False, 3VVZ52, 79.6017, 3VVZ5Z, 77.6011, 3VZ52, 75.6554, 3MVVZ52, 74.863, 3VV252, 74.2595, 3VVZ2, 73.7056, 3VZ5Z, 73.6547, 3MVVZ5Z, 72.8624, 8VVZ52, 72.6841, 3VV52, 72.6829
wts-lg-000113.jpg, 19683, AG4V3U, False, False, 
wts-lg-000115.jpg, 24515, HH9G5W, False, False, 
wts-lg-000117.jpg, 30232, D315771, False, False, ID31577I, 81.9268, D31577I, 81.4124, DD31577I, 81.3487, OD31577I, 79.4333, QD31577I, 79.1954, ID3177I, 79.0904, ID3577I, 79.0877, 1D31577I, 79.0335, IDD3177I, 79.0267, IDD3577I, 79.024
wts-lg-000118.jpg, 23700, 853FL, False, False, 
wts-lg-000119.jpg, 24472, 6RJN062, False, False, 
wts-lg-000120.jpg, 25069, 5CJP303, True, True, 5CJP303, 87.575, 5CJP3Q3, 85.4072, 5CJP3O3, 83.1551, 5GJP303, 80.4572, 5CJP3D3, 80.0541, 5CJP3U3, 78.7292, 5CJP3B3, 78.5917, 5GJP3Q3, 78.2894, 5CJP3G3, 78.2206, 5CJ303, 77.7202
wts-lg-000121.jpg, 23043, 6MMD595, False, False, 
wts-lg-000122.jpg, 19579, DK0H7Z, False, False, 
wts-lg-000123.jpg, 23532, 6XIU641, True, True, 6XIU641, 88.7251, 6XIU61, 82.4448, 6XI0641, 78.2535, 6XIO641, 77.8575, 6XIU64I, 77.8145, 6XIQ641, 77.7741, 6XID641, 77.362, XIU641, 76.9744, 6XIU64, 75.4762, 6XIV641, 75.2204
wts-lg-000124.jpg, 23368, 5NCP692, True, True, 5NCP692, 83.1222, 5RCP692, 82.747, 5HCP692, 81.7089, 5CP692, 80.958, 5MCP692, 78.3256, 5WCP692, 77.8335, NCP692, 77.4438, RCP692, 77.0686, SNCP692, 76.256, HCP692, 76.0305
wts-lg-000125.jpg, 24600, 5TQY867, True, True, 5TQY867, 83.7138, 5TQY86, 80.7339, 5TQYB67, 77.8771, 5TQYB6, 74.8972, 5TOY867, 73.9325, 5T0Y867, 73.559, 5TQY67, 73.2715, 5TY867, 72.8149, 5TQYD67, 72.7419, 5TQYQ67, 72.4985
wts-lg-000126.jpg, 22540, 6NZT067, False, True, 6ZT67, 79.3739, 6ZT067, 78.8944, 6ZT7, 75.5282, ZT67, 75.4943, 6NZT67, 75.1506, 6ZT07, 75.0486, ZT067, 75.0147, 6NZT067, 74.671, 6ZTO67, 73.1622, 6Z67, 72.9854
wts-lg-000127.jpg, 24506, 5AZL613, True, True, 5AZL613, 84.9867, 5A2L613, 82.76, 5ZL613, 79.6013, 52L613, 77.3746, 54ZL613, 77.0791, 5AZL63, 76.9504, 5AZL61, 76.1685, 5AZL13, 75.4498, 5AZL6I3, 75.0946, 542L613, 74.8524
wts-lg-000128.jpg, 25462, 6MMD595, False, True, 6MD595, 81.3343, 6HD595, 76.629, 6MMD595, 75.8482, MD595, 75.7932, 6MD95, 75.5763, 6MDS95, 74.8043, 6D595, 74.7078, 6HMD595, 74.1184, 6ND595, 74.1075, 6MD59S, 72.6828
wts-lg-000129.jpg, 25684, CRK4732, True, True, CRK4732, 87.6122, CRK473Z, 84.4339, CRX4732, 81.1714, CR4732, 80.7367, CRR4732, 79.0553, CRX473Z, 77.993, CRK732, 77.7226, GRK4732, 77.6078, CR473Z, 77.5583, 6RK4732, 77.2088
wts-lg-000130.jpg, 24969, 6PGM335, False, True, 6PGM3351, 84.1527, 6PGM335, 82.7177, 6PG3351, 82.4461, 6PG335, 81.011, 6PGM335I, 80.9895, 6PGH3351, 80.503, 6PG335I, 79.2828, 6PGH335, 79.0679, 6PGB3351, 78.9419, 6PGU3351, 78.8701
wts-lg-000131.jpg, 23463, 00256M1, True, True, 00256M1, 87.6703, Q0256M1, 84.6277, 00256H1, 84.5087, 00Z56M1, 84.4536, 002561, 84.144, 00256N1, 81.9949, O0256M1, 81.8825, Q0256H1, 81.4661, Q0Z56M1, 81.411, 00Z56H1, 81.292
wts-lg-000132.jpg, 25069, 7AHN739, False, False, 7H739, 79.8023, 7H7J9, 78.1952, 7AH739, 77.259, 7AH7J9, 75.6518, 7H79, 75.5231, 7H73, 73.5744, 7AH79, 72.9797, 7739, 72.631, 7H7J, 71.9672, H739, 71.0452
wts-lg-000133.jpg, 24077, 5L0D951, False, True, 5LQD951, 87.3183, 5LQD51, 82.9938, 5LDD951, 82.1496, 5LOD951, 81.9117, 5L0D951, 81.4334, 5LBD951, 80.3815, 5LUD951, 80.1253, 5LGD951, 79.877, LQD951, 79.7496, SLQD951, 78.8896
wts-lg-000134.jpg, 25033, 6WAW786, False, False, AZ86, 79.174, HAZ8, 76.8806, AZB6, 75.2543, A786, 75.0161, MAZ8, 74.8386, AZ8I, 73.9888, AZ81, 73.8385, NAZ8, 73.389, WAZ8, 73.368, HAZ86, 73.2144
wts-lg-000135.jpg, 32447, CWM3083, False, False, CMQ83, 83.9043, CM083, 81.2002, CMO83, 78.9465, CHQ83, 78.5612, CMD83, 78.239, CM83, 77.6327, CMQB3, 76.3932, CMB83, 76.3124, CH083, 75.8572, CNQ83, 75.5194
wts-lg-000136.jpg, 26846, CYZ5139, True, True, CYZ5139, 89.2405, CYZ513B, 82.3193, CZ5139, 81.7906, GYZ5139, 81.2074, CVZ5139, 80.0975, C7Z5139, 79.6469, CYZ5I39, 79.6362, CYZS139, 79.5818, CYZ51S9, 78.9273, CYZ519, 78.4108
wts-lg-000137.jpg, 27885, CWW2245, True, True, CWW2245, 87.2088, CHW2245, 86.0066, CW2245, 85.9305, CWN2245, 82.3413, CBW2245, 81.9801, CH2245, 81.7333, C2245, 81.6572, CHN2245, 81.1391, CN2245, 81.063, CWH2245, 80.7116
wts-lg-000138.jpg, 24064, DD4C591, True, True, DD4C591, 88.0955, DD4G591, 86.096, DD4591, 84.0073, DD46591, 83.1005, DD4C91, 81.342, DD4CS91, 81.1827, DD4E591, 80.9798, DD4D591, 80.838, DD4O591, 80.8145, DD4B591, 80.6582
wts-lg-000139.jpg, 22643, 1268205, False, False, 
wts-lg-000140.jpg, 23204, 6MDU097, False, True, 6M0U097, 85.5445, 6MDU097, 84.001, 6H0U097, 82.4616, 6MQU097, 81.0411, 6HDU097, 80.918, 6MOU097, 80.6956, 6N0U097, 79.1806, 6M0U07, 78.9154, M0U097, 78.5661, 6MBU097, 78.3618
wts-lg-000141.jpg, 24133, 1365847, False, True, 165847, 83.1552, 1365847, 79.442, 16587, 78.9621, 1658A7, 76.7076, 1B65847, 75.3936, 136587, 75.2489, 16S847, 74.5904, 1865847, 73.967, 1D65847, 73.801, 1O65847, 73.7281
wts-lg-000142.jpg, 25077, 5TGN556, False, True, 5TN56, 80.1142, 5TN556, 79.1999, 5TN6, 78.9565, 5TGN56, 76.7886, TN56, 75.9954, 5TGN556, 75.8743, 5TGN6, 75.631, TN556, 75.0811, 5TN5S6, 73.1792, 5TNS6, 72.8229
wts-lg-000143.jpg, 24458, 3127K, False, True, 3127, 78.5689, 3127K, 76.4568, 127K, 73.9395, 31276, 71.7758, 327K, 70.8169, 1276, 69.2585, 3127E, 67.622, 3276, 66.1359, 3127B, 65.8247, 3127KE, 65.5099
wts-lg-000144.jpg, 28005, CWW2245, True, True, CWW2245, 87.7701, CWH2245, 85.2022, CW2245, 85.0535, GWW2245, 84.3632, CWWZ245, 84.2828, CH2245, 82.4857, GWH2245, 81.7953, CWHZ245, 81.7149, GW2245, 81.6467, CWZ245, 81.5662
wts-lg-000145.jpg, 24603, 4KBZ265, True, True, 4KBZ265, 84.7629, 4KZ265, 80.4187, KBZ265, 80.2288, 4K8Z265, 78.7973, 4KBZ25, 78.4255, 4KDZ265, 78.2338, 4K0Z265, 76.2814, 4KRZ265, 76.2273, 4KQZ265, 76.2232, 4KOZ265, 76.1173
wts-lg-000146.jpg, 25620, 4EEU387, False, False, FF87, 76.9865, 4F87, 76.592, FE87, 76.0091, 4E87, 75.6146, EF87, 74.5479, EE87, 73.5705, 4FF87, 69.2285, 4FE87, 68.2511, GF87, 67.8028, FP87, 67.2949
wts-lg-000147.jpg, 25370, 8D79882, False, True, BD798B2, 85.453, BD79882, 82.6508, 8D798B2, 82.1025, BD798BZ, 81.6882, B0798B2, 80.1061, 8D79882, 79.3003, BD7988Z, 78.886, BQ798B2, 78.3997, BD79BB2, 78.3615, 8D798BZ, 78.3376
wts-lg-000148.jpg, 26198, 6TIX874, False, False, 6MTP9Z9, 81.9845, 6TP9Z9, 81.8647, 6HTP9Z9, 79.9415, 6MTPZ9, 79.3036, 6TPZ9, 79.1838, 6MTP929, 78.9326, 6TP929, 78.8129, 6MTP9Z, 78.7746, 6TP9Z, 78.6549, 6HTPZ9, 77.2606
wts-lg-000149.jpg, 23450, 6MWF778, False, False, 
wts-lg-000150.jpg, 23959, 6WHS906, False, False, HS906, 84.6528, JHS906, 81.0942, HS06, 75.9525, HS9Q6, 73.1287, HS9O6, 72.912, JHS06, 72.3939, HS9D6, 72.1237, HS90, 71.9419, BS906, 70.9737, MS906, 70.9066
wts-lg-000151.jpg, 25769, 5RIN962, True, True, 5RIN962, 84.165, 5RIN92, 83.3089, 5RIN942, 80.7954, 5R1N962, 76.9375, 5RIH962, 76.6228, 5R1N92, 76.0814, 5RIH92, 75.7666, 5RN962, 75.6014, 5RIM962, 75.5052, 5RJN962, 75.4155
wts-lg-000152.jpg, 24485, 6UNP953, True, True, 6UNP953, 84.3347, 6UP953, 80.2496, 6UHP953, 77.2808, 6UNP9S3, 75.7362, 6UNP95, 75.4563, 6UMP953, 75.4324, 6UNP53, 74.8305, 6DNP953, 74.664, 6UNP95S, 73.9059, 6QNP953, 73.8824
wts-lg-000154.jpg, 22665, 1366026, True, True, 1366026, 87.738, 166026, 81.6737, 1366O26, 79.8885, 1S66026, 79.3673, 1366Q26, 79.3672, 1B66026, 79.0408, 13660Z6, 77.2402, 1366D26, 76.3315, 166O26, 73.8242, 1366U26, 73.804
wts-lg-000155.jpg, 25520, CYZ5139, True, True, CYZ5139, 90.4562, GYZ5139, 83.5765, YZ5139, 82.7627, CY25139, 82.2809, CYZS139, 82.1382, DYZ5139, 81.4755, BYZ5139, 81.4748, 6YZ5139, 80.9059, EYZ5139, 80.4685, CYZ5I39, 80.4039
wts-lg-000156.jpg, 23459, 5TZA419, False, True, 5ZA19, 79.7594, 5ZA419, 79.2718, 57ZA19, 75.1689, 57ZA419, 74.6814, 5TZA19, 74.646, 5IZA19, 74.615, 5TZA419, 74.1584, 5IZA419, 74.1274, 5ZA1, 73.6966, 5ZA41, 73.209
wts-lg-000157.jpg, 23711, 7EAV033, False, False, 
wts-lg-000158.jpg, 26646, CWM2998, True, True, CWM2998, 88.1705, CWM299B, 85.893, CWH2998, 85.7719, CHM2998, 85.2511, CWH299B, 83.4945, CHM299B, 82.9736, CHH2998, 82.8526, CMM2998, 81.3806, CM2998, 80.842, CHH299B, 80.5751
wts-lg-000159.jpg, 23624, 59E21P1, False, False, 59321P1, 91.0135, 593Z1P1, 82.5474, S9321P1, 81.3564, 59321PI, 81.216, 5932IP1, 81.1859, B9321P1, 78.6361, 9321P1, 77.9927, 59321P, 77.3392, S93Z1P1, 72.8903, 593Z1PI, 72.7499
wts-lg-000160.jpg, 24995, 8S16841, True, True, 8S16841, 86.5549, 8S1681, 83.4898, 8S168A1, 80.2708, 8S16B41, 77.3367, 8516841, 76.9216, 816841, 76.6434, BS16841, 75.4603, 8S1684I, 75.0957, SS16841, 75.0601, 8S16B1, 74.2716
wts-lg-000161.jpg, 26189, 75061H1, True, True, 75061H1, 91.6311, 75O61H1, 85.086, 75Q61H1, 84.6596, 5061H1, 83.7631, 75D61H1, 83.6904, 7S061H1, 81.7615, 75061HI, 81.0749, 75061H, 80.3341, 75061N1, 79.7587, 75B61H1, 79.5704
wts-lg-000162.jpg, 26793, CN2X798, True, True, CN2X798, 88.5175, C2X798, 80.8339, GN2X798, 80.4224, CN2798, 80.0612, CH2X798, 79.7856, CM2X798, 78.7699, CN2M798, 78.5579, 6N2X798, 78.4431, CW2X798, 78.1482, CN2K798, 77.9692
wts-lg-000163.jpg, 27038, CDK575, False, True, CDK5T51, 86.3864, CDK5T5, 85.5724, CDK5T50, 84.3992, CDK5751, 84.0226, CDK5T5O, 83.5585, CDK5T5I, 83.447, CDK5T5D, 83.4209, CDK5T5Q, 83.2661, CDK575, 83.2086, CDK5T5B, 82.8603
wts-lg-000164.jpg, 28101, BSB0399, True, True, BSB0399, 90.2877, BSBD399, 82.7382, BSBO399, 82.7139, BS80399, 82.2563, BSBQ399, 82.1399, BSBU399, 81.5079, 8SB0399, 81.4247, BSB03B9, 81.3433, BSBB399, 80.8465, BSB039, 79.9568
wts-lg-000165.jpg, 24904, CGT2069, True, True, CGT2069, 89.6816, CGT20B9, 83.4174, CGT2O69, 81.824, CGT2Q69, 81.6443, C6T2069, 81.5882, GGT2069, 81.0856, CGT2D69, 80.987, CGTZ069, 80.685, CGT20G9, 80.6, CGT20S9, 80.5374
wts-lg-000166.jpg, 22963, 4NZZ935, True, True, 4NZZ935, 85.9032, 4ZZ935, 85.089, 4MZZ935, 84.0386, 4N2Z935, 75.1023, 4NZZ93S, 74.8306, 4NZ2935, 74.751, 42Z935, 74.288, 4NZZ9S5, 74.0266, 4ZZ93S, 74.0164, 4Z2935, 73.9367
wts-lg-000167.jpg, 26919, 7AWV401, True, True, 7AWV401, 84.7138, 7AWV41, 79.7918, 7AWV4O1, 79.5095, 7AV401, 79.214, 7AWV4Q1, 78.7828, 7AWV4D1, 78.6876, 7AWV4U1, 77.0891, 7AHV401, 76.4468, 7AWV4G1, 75.6442, 7AWV4B1, 75.482
wts-lg-000168.jpg, 25398, RZN384, False, True, RZN3B4, 89.0599, RZN384, 85.6035, RZH3B4, 80.174, RZM3B4, 77.9684, RZ3B4, 77.8356, R2N3B4, 77.7753, RZR3B4, 77.7625, RZN3BA, 76.9953, RZH384, 76.7176, RZN34, 76.5411
wts-lg-000169.jpg, 25818, 47366J1, True, True, 47366J1, 87.7919, 47S66J1, 76.3447, 4766J1, 76.3293, 47366J, 75.6486, 47366JI, 75.5648, 47S66J, 64.2014, 4766J, 64.186, 47S66JI, 64.1177, 4766JI, 64.1022
wts-lg-000170.jpg, 27632, 5FLR236, True, True, 5FLR236, 83.6571, 5FLR36, 83.6381, 5FLRZ36, 78.8201, 5FLRP36, 78.2058, FLR236, 76.8551, FLR36, 76.8361, 5LR236, 75.5559, 5LR36, 75.5369, SFLR236, 75.291, SFLR36, 75.272
wts-lg-000171.jpg, 26673, DCK6344, True, True, DCK6344, 88.6498, DCKB344, 79.7072, QCK6344, 79.1144, DCKG344, 78.9568, 0CK6344, 78.9095, DCK644, 78.8981, OCK6344, 78.7141, DCK6S44, 78.5902, DCKS344, 78.242, DCK344, 77.5569
wts-lg-000172.jpg, 28056, 8P62983, False, False, 8P983, 86.7352, BP983, 82.7999, 8P9B3, 77.4338, BP9B3, 73.4986, 8P83, 71.8049, 8P9G3, 71.2628, 8P9O3, 71.1183, 8P9D3, 70.9755, 8P9Q3, 70.7374, 8P93, 68.9845
wts-lg-000173.jpg, 26348, 5FEE732, True, True, 5FEE732, 87.6035, 5FEE72, 81.4749, 5PEE732, 80.0474, 5FEE73Z, 79.5738, FEE732, 79.2308, 5EE732, 78.0025, SFEE732, 76.5872, 5FE6732, 74.4904, 5FEG732, 74.4147, 5FEC732, 74.3771
wts-lg-000174.jpg, 28005, 5BDE732, False, True, I5BDE732, 85.2265, 5BDE732, 84.8603, I5BDE32, 83.6529, 5BDE32, 83.2867, J5BDE732, 81.8971, J5BDE32, 80.3235, I58DE732, 78.0997, 58DE732, 77.7335, ISBDE732, 76.8841, I5BDE73Z, 76.8611
wts-lg-000175.jpg, 24557, CWL9084, True, True, CWL9084, 88.0563, CWL908, 84.5803, CHL9084, 84.2687, CWL9D84, 84.1853, CL9084, 83.3936, CWL908A, 81.9417, CWL9O84, 81.8955, CWL9Q84, 81.5755, CBL9084, 81.08, CRL9084, 80.9056
wts-lg-000176.jpg, 25880, BTZ7148, True, True, BTZ7148, 91.3153, BT27148, 87.4927, BTZ718, 83.424, BTZ714B, 82.8354, 8TZ7148, 82.5628, BTZ7I48, 81.5335, BTZ714, 80.6782, BT2718, 79.6014, BT2714B, 79.0128, 8T27148, 78.7402
wts-lg-000177.jpg, 25719, 6ZWF846, False, False, 
wts-lg-000178.jpg, 22048, 6LSU216, True, True, 6LSU216, 88.8915, 6LSUZ16, 85.9441, B6LSU216, 84.5322, 56LSU216, 84.3225, 6SU216, 84.0016, B6LSUZ16, 81.5848, 56LSUZ16, 81.3751, 6SUZ16, 81.0543, 6USU216, 80.5085, 6LS0216, 80.0181
wts-lg-000179.jpg, 26194, SL7J8R, False, False, 
wts-lg-000181.jpg, 22206, PH5M9Y, False, False, PHSY, 76.5498, HSHY, 75.4768, HS9Y, 74.5583, PSHY, 73.6102, PS9Y, 72.6917, PH5Y, 72.5276, PMSY, 71.8876, SH9Y, 71.6186, H5HY, 71.4545, HSMY, 71.1343
wts-lg-000183.jpg, 24127, DK8F5L, False, False, L05L, 83.4496, LU5L, 81.3085, LD5L, 80.6701, LQ5L, 80.2111, LO5L, 80.0984, C05L, 74.6925, CU5L, 72.5514, CD5L, 71.913, CQ5L, 71.454, CO5L, 71.3412
wts-lg-000186.jpg, 26219, AG0R6T, False, True, G0R5T, 82.7474, G0RT, 82.22, G0R6T, 81.4952, AG0R5T, 80.9838, G0RST, 80.9686, G0RGT, 80.6164, AG0RT, 80.4563, G0RBT, 79.9876, AG0R6T, 79.7315, AG0RST, 79.2049
wts-lg-000187.jpg, 22000, UJ5E1A, False, False, 
wts-lg-000188.jpg, 23704, UJ3V0J, False, False, 
wts-lg-000189.jpg, 23369, FK4W3L, False, False, 
wts-lg-000190.jpg, 26074, 6RYJ486, True, True, 6RYJ486, 83.9104, T6RYJ486, 81.2301, F6RYJ486, 80.2658, I6RYJ486, 79.885, 6RYJ4G6, 77.2143, 6RYJ4O6, 77.0792, 6RYJ48, 76.6128, 6RY486, 76.3703, 6RYJ4Q6, 76.3565, 6YJ486, 76.203
wts-lg-000191.jpg, 25743, CDL4461, True, True, CDL4461, 88.9588, CDL461, 82.5552, CDL44B1, 81.9065, CDL44G1, 81.806, GDL4461, 80.7189, CDL44S1, 80.1432, C0L4461, 79.9807, CQL4461, 79.6096, CDL446I, 79.5489, COL4461, 79.4862
wts-lg-000192.jpg, 24787, 5NWV468, False, False, 5NV468, 84.1191, 5NV68, 78.2831, 5NVA68, 76.7795, 5NHV468, 76.6628, 5NV46B, 75.7393, SNV468, 74.4676, 5NV46G, 73.7249, 5MV468, 72.8482, 5NV46, 72.4297, 5NUV468, 71.8315
wts-lg-000193.jpg, 25314, RZN384, True, True, RZN384, 90.6798, R2N384, 80.5793, RZN3B4, 79.4705, RZH384, 78.4195, RZM384, 77.8667, RZR384, 75.925, RZ384, 75.0144, R2N3B4, 69.3699, R2H384, 68.3189, R2M384, 67.7661
wts-lg-000194.jpg, 21890, 7CID930, False, False, 7C930, 82.983, 7C93D, 76.7108, 7C93Q, 73.9746, 7C93O, 73.8715, 7C30, 69.9286, 7C93, 68.9069, 7C93U, 68.0003, 7C93G, 66.9456, 7E930, 66.4286, 7C90, 66.233
wts-lg-000195.jpg, 28194, 8D79882, True, True, 8D79882, 86.9693, 879882, 85.9345, BD79882, 83.9364, 8D798B2, 83.3079, B79882, 82.9016, 8798B2, 82.2732, 8D79B82, 81.689, 879B82, 80.6543, 8Q79882, 80.3814, 8079882, 80.3758
wts-lg-000196.jpg, 25389, DH7X317, True, True, DH7X317, 89.3134, DH7317, 89.0499, DH7W317, 82.6499, DH7M317, 82.3024, DH7K317, 82.1325, DH7N317, 81.8904, 0H7X317, 80.7861, 0H7317, 80.5227, OH7X317, 80.2977, DH7X3I7, 80.2394
wts-lg-000197.jpg, 23970, 2MFZ746, False, False, 2MF276, 81.4309, 2M276, 80.5575, 2F276, 80.1071, 2276, 79.2337, 2MF27, 78.0341, 2M27, 77.1606, 2F27, 76.7103, 2HF276, 76.6129, 2H276, 75.7395, 2MF2746, 75.2959
wts-lg-000199.jpg, 26314, J868321, False, False, 
